DATE,CITY,STATE,ZIP,image_name
8-3-89,MINDEN CITY,Mi,48456,f0002_01.png
08-03-89,Charlotte,MI,48813,f0003_42.png
8/2/89,WARREN,MICH,48092,f0005_26.png
8-2-89,Novi,mi,48050,f0007_14.png
8-2-89,ROCHESTER HILLS,MI,48063,f0008_45.png
8-2-89,DETROIT,MI.,48210,f0010_18.png
08/03/89,ATLANTA,MI.,49709,f0011_13.png
7/3/89,Cheboygan,Mi.,49721,f0012_39.png
8-3-89,Westland,Mi,48185,f0013_38.png
8-2-89,DETROIT,MICH,48214,f0014_19.png
8/2/89,West Bloomfield,MI,48322,f0015_48.png
8-2-89,DETROIT,MICH.,48203,f0016_39.png
8/2/89,Port Huron,mi,48060,f0017_07.png
8-2-89,DETROIT,MI,48223,f0018_13.png
8-3-89,GAMBIER,OHIO,43022,f0020_08.png
8/5/89,Troy,Ohio,46373,f0021_34.png
8/2/89,Toledo,Ohio,43607,f0022_10.png
08/08/89,Toledo,OH,43612,f0023_08.png
8/3/89,Toledo,Ohio,43609,f0024_24.png
"August 2, 1989",Athens,OH,45701,f0025_13.png
08-04-89,CINCINNATI,OH,45246,f0026_17.png
08/05/89,Cleveland,OHIO,44108,f0027_29.png
08-05-1989,Brunswick,Ohio,44212,f0028_05.png
8-4-89,RAVENNA,OH.,44266,f0029_05.png
08/03/89,DAYTON,OH,45410,f0030_12.png
"August 4, 1989",Centerville,OH,45459,f0031_02.png
8-3-89,North Ridgeville,Ohio,44039,f0033_49.png
08/04/89,ST. CLAIRSVILLE,OH,43950,f0035_19.png
"AUGUST 3,1989",YOUNGSTOWN,OHio,44511,f0038_42.png
8-4-89,Wellington,OH.,44090,f0039_14.png
8/3/89,Chardon,OH,44024,f0040_25.png
8-5-89,CINCINNATI,OHIO,45211,f0042_43.png
08-04-89,Columbus,Ga.,31909,f0043_10.png
08/03/89,Inkster,mi,48141,f0045_12.png
08-02-89,WYANDOTTE,Mi,48192,f0046_20.png
08-04-89,Youngstown,ohio,44505,f0051_42.png
8-3-89,willard,OHio,44890,f0053_23.png
8/4/89,CLEVELAND,OHIO,44111,f0055_09.png
08-04-89,DAYTON,OH,45405,f0056_01.png
8/4/89,"Stoneboro,",PA.,16153,f0057_20.png
8-3-89,COVINGTON,Ky,41015,f0058_07.png
8/4/89,CHATTANOOGA,TN,37405,f0059_21.png
Aug 5 1989,ColomBus,Ohio,43204,f0061_45.png
08/02/89,DUNDEE,MI,48131,f0065_00.png
None,None,None,None,f0067_25_0.png
None,None,None,None,f0067_25_1.png
None,None,None,None,f0067_25_10.png
None,None,None,None,f0067_25_12.png
None,None,None,None,f0067_25_14.png
None,None,None,None,f0067_25_16.png
None,None,None,None,f0067_25_19.png
None,None,None,None,f0067_25_2.png
None,None,None,None,f0067_25_20.png
None,None,None,None,f0067_25_21.png
None,None,None,None,f0067_25_23.png
None,None,None,None,f0067_25_24.png
None,None,None,None,f0067_25_25.png
None,None,None,None,f0067_25_26.png
None,None,None,None,f0067_25_29.png
None,None,None,None,f0067_25_31.png
None,None,None,None,f0067_25_32.png
None,None,None,None,f0067_25_37.png
None,None,None,None,f0067_25_38.png
None,None,None,None,f0067_25_39.png
None,None,None,None,f0067_25_4.png
None,None,None,None,f0067_25_40.png
None,None,None,None,f0067_25_41.png
None,None,None,None,f0067_25_42.png
None,None,None,None,f0067_25_44.png
None,None,None,None,f0067_25_45.png
None,None,None,None,f0067_25_46.png
None,None,None,None,f0067_25_47.png
None,None,None,None,f0067_25_48.png
None,None,None,None,f0067_25_50.png
None,None,None,None,f0067_25_53.png
None,None,None,None,f0067_25_54.png
None,None,None,None,f0067_25_55.png
None,None,None,None,f0067_25_56.png
None,None,None,None,f0067_25_58.png
None,None,None,None,f0067_25_59.png
None,None,None,None,f0067_25_60.png
None,None,None,None,f0067_25_63.png
None,None,None,None,f0067_25_64.png
None,None,None,None,f0067_25_7.png
None,None,None,None,f0067_25_8.png
8-2-89,Detroit,mich,48213,f0068_00.png
8/9/89,Temperence,MI,48182,f0069_14.png
"AUGUST 8, 1989",BURBANK,CA.,91506,f0070_14.png
8-9-89,BURBANK,CALIF,91501,f0071_21.png
8/9/89,ANAHEIm,CA,92802,f0072_36.png
8/8/89,LOS ANGELES,CA,90023,f0075_46.png
8-10-89,Lynchburg,Ohio,45142,f0077_13.png
08/09/1989,Washougal,Wa,98671,f0078_48.png
8/5/89,Cooper City,Fl,33330,f0079_06.png
08/03/89,PEMBROKE PINes,FL.,33026,f0080_14.png
08/07/89,LARGO,FL,34647,f0081_26.png
08-09-89,EL CATON,CA,92021,f0085_01.png
8/9/89,WEST LINN,OR,97068,f0087_24.png
8-5-89,Zephyrhills,FL,34249,f0088_22.png
8/6/89,Masury,Ohio,44438,f0090_10.png
08-05-89,SILVER CREEK,GEORGIA,30173,f0091_26.png
8/3/89,MILFORD,MI,48042,f0092_16.png
"Aug 5,1989",GENEVA,AL,36340-2202,f0093_24.png
8-7-89,Attalla,Al,35954,f0095_41.png
08-07-89,Detroit,Mi,48224,f0096_45.png
8/4/89,Woodstock,GA.,30188,f0097_05.png
8-4-89,DouglasVILLE,GA.,30134,f0099_18.png
08/05/89,NORRIS,TN,37828,f0100_42.png
8-6-89,LINCOLN PARK.,MI,48146,f0102_31.png
8-7-89,Paw Paw,MI.,49079,f0103_28.png
08/07/89,Summerland Key,FL,33042,f0104_43.png
08 AUG 89,EL SEGUNDO,CA,90245,f0107_06.png
8-8-89,REDONDO BEACH,CA.,90277,f0108_12.png
8-8-89,Seattle,WA,98112,f0109_19.png
8-10-89,BAKERSFIELD,CA,93304,f0114_20.png
8/7/89,"PAINESDALE,",MI,49955,f0115_34.png
08-05-89,OCAlA,FL,32670,f0116_23.png
8-6-89,CleARWATeR,FL,34615,f0117_11.png
8-4-89,Harrietta,MI,49638,f0118_07.png
08-03-89,Saginaw,Michigan,48604,f0121_11.png
08-03-83,Bork River,Mi,49807,f0123_28.png
08/09/89,LOS ANGELES,CA.,90034,f0124_11.png
8/3/1989,WAYNE,Mi.,48184,f0125_02.png
08/03/1989,Livonia,michigan,48154,f0126_41.png
08.02.89,DETROit,Mi,48205,f0127_07.png
8/3/89,MALVERN,OHIO,44444,f0128_00.png
8-3-89,DetRoit,MI,48205,f0131_03.png
8/4/89,DAYTON,OH,45414,f0132_17.png
08/06/89,New Port Richey,FL.,34655,f0133_23.png
08/07/89,BIRMINGHAM,AL.,35224,f0134_33.png
8/8/89,LAGUNA HILLS,CA,92653,f0135_03.png
8-10-89,STOCKTON,CA,95210,f0136_18.png
08-05-89,DuNNelloN,Florida,32630,f0137_14.png
8/8/89,MiAMi,FLA,33114,f0138_30.png
08/05/89,MElroSE,Fl.,32666,f0140_09.png
"AUG 7,1989",SMYRNA,GA,30080,f0142_39.png
08-08-89,WAlNut,CA,91789,f0143_00.png
8/11/89,West COVINA,CA,91791,f0144_05.png
8-6-89,MIAMI,FL,33160,f0145_33.png
8-9-89,HONOLULU,Hi,96825,f0146_33.png
8/9/89,Church Hill,TN,37642,f0149_15.png
08-03-89,Detroit,mi,48223,f0150_25.png
8-7-89,Miami,Fla,33172,f0152_02.png
08-05-89,CLEVELAND,TN,37311,f0153_35.png
08-08-89,MIAMI,FL,33056,f0154_34.png
08/08/89,Redmond,Oregon,97756,f0155_13.png
8-8-89,SAN DIMAS,CA,91773,f0156_09.png
8-9-89,Heppner,OR,97836,f0157_12.png
08-08-89,Erwin,Tn.,37650,f0158_20.png
8-7-89,Newport,Tn.,37821,f0159_14.png
8-4-89,CANTON,OHIO,44708,f0161_16.png
8-9-89,LOS ANGELES,CA.,90001,f0163_13.png
08/09/89,Albany,OR,97321,f0164_32.png
08-05-89,HUNTSVIllE,AL,35810,f0166_12.png
8-6-89,Birmingham,AL,35217,f0167_33.png
8/9/89,CHATSWORTH,GA,30705,f0169_09.png
08/10/89,PORT ORANGE,FL.,32119,f0170_40.png
08-06-89,Kingston Springs,Tn.,37082,f0171_26.png
8-9-89,SAN GABRIEL,CA,91775,f0174_06.png
Aug 8,Orlando,Fl.,32812,f0175_47.png
8/11/89,WEST HILLS,CA,91304,f0176_30.png
8-9-89,W.Covina,Ca,91790,f0177_16.png
08/09/89,Pensacola,Fl.,32504,f0178_39.png
08/08/89,PALMDALE,CA,93550,f0180_29.png
8.7-89,MT CleMeNs,Mi,48043,f0181_31.png
8-7-89,Mableton,GA.,30059,f0183_22.png
8-5-89,OCALA,FL.,32675,f0184_49.png
8/5/89,HOLLYWOOD,FL.,33019,f0185_23.png
8-08-89,Lapeer,MI,48446,f0186_14.png
8-9-89,Knoxville,Tenn.,37922,f0187_18.png
08-07-89,Marietta,Ga,30068,f0188_36.png
08.08.89,GRANADA HILLS,CA,91343,f0189_49.png
8/10/89,JACKSONVillE,FL.,32256,f0193_48.png
8/7/89,NASHVILLE,TN,37221,f0196_10.png
08/05/89,Ellenwood,GA,30049,f0200_38.png
8/9/89,SAN FRANCISCO,CA.,94133,f0201_34.png
8-8-89,KINGSPORT,TN.,37660,f0202_09.png
8-8-89,Falmouth,Mi.,49632,f0203_21.png
8-5-89,Chattanooga,Tn.,37412,f0204_21.png
08/04/89,Massillon,Ohio,44646,f0205_15.png
"Aug, 5,1989",WELLINGTON,FL,33414,f0206_38.png
8/8/89,ARLINGTON,WA,98223,f0208_05.png
08/02/89,St CLAIR SHORES,MicH.,48080,f0210_17.png
08-09-89,Chula Vista,CA,92010,f0211_26.png
08-09-89,Hillsboro,Al,35643,f0214_05.png
08-10-89,Coeur d'Alene,ID,83814,f0215_32.png
8/9/89,LAMESA,CA,92041,f0217_16.png
8-8-89,SAN MARCOS,CA,92069,f0218_04.png
08-09-89,Redding,CA,96002,f0220_49.png
08/10/89,SACRAMENTO,CA,95821,f0222_06.png
8/8/89,Seattle,WA,98177,f0223_49.png
08/04/89,mansfield,Ohio,44905,f0224_06.png
08-07-89,Springfield,Ohio,45505,f0225_20.png
8-4-89,Mantua,Oh,44255,f0227_27.png
08/07/89,MARIEttA,GA,30067,f0228_36.png
"August 8, 1989",Glendale,Ca,91285,f0229_10.png
08-05-98,ALPENA,MI,49707,f0230_04.png
8-8-89,Chula Vista,CA,92010,f0231_43.png
AUG.5 89,TAMPA,FL,33621,f0233_14.png
8/5/89,WArner Robins,GA.,31093,f0234_16.png
08/05/1989,Miami,Florida,33015,f0238_02.png
08-11-89,TACOMA,WA,98498,f0240_02.png
8-5-89,MENTOR,OHIO,44060,f0242_22.png
08/04/89,Cape Coral,FL,33904,f0243_29.png
09/06/89,CAPE CORAL,Fl,33904,f0244_47.png
"AUG. 5, 89",TALLAHASSEE,FL,32303,f0246_12.png
8/8/89,"Issaquah,",WA.,98027,f0250_37.png
8/13/89,Los Angeles,CA,90044,f0251_00.png
"aug. 08,1989","Issaquah,",Wa.,98027,f0252_30.png
08-08-89,CERRITOS,CA.,90701,f0253_40.png
8-08-89,middletown,ohio,45042,f0254_46.png
8-8-89,FRAZIER,PARK,93225,f0256_08.png
8/12/89,Ft. Walton Beh.,Fl,32545,f0257_46.png
8/9/89,Portland,Oregon,97221,f0258_41.png
08/07/89,SARASOTA,FL,34233,f0259_41.png
"AUG. 9, 1989",KILAUEA,Hi,96754,f0260_38.png
08-08-89,CHULA VISTA,CA.,92010,f0261_06.png
08-10-89,St. Petersburg,Fl.,33712,f0263_31.png
Aug 5 1989,KingsFord,MICH,49801,f0264_18.png
August 10.1989,Sonoma,CA,95476,f0265_39.png
08/09/89,TAMPA,FL,33686,f0267_24.png
08-08-89,Pico-Rivera,Ca,90660,f0269_21.png
8/7/89,LaKe Placid,FL,33852,f0270_23.png
8/5/89,N. Miami Bch,FL,33162,f0271_05.png
8-5-89,Miami,FLa.,33186,f0273_27.png
08/14/89,Sacramento,CA,95841,f0276_07.png
"AUG. 10,1989",ANDERSON,CALIF.,96007,f0277_33.png
8/5/89,MIAMI,FL,33175,f0282_04.png
08-08-89,COSBY,TN,37722,f0283_31.png
"Aug 10, 89",Salem,Or,97301,f0284_34.png
8-6-89,MIAMI,FL,33184,f0285_23.png
08/11/89,TAMARAL,FL,33321,f0286_16.png
8-9-89,Petaluma,CA,94954,f0287_15.png
8/7/89,AbeRNANt,AL,35440,f0288_48.png
"Aug. 6, 1989",PONTIAC,Michigan,48054,f0290_29.png
08/05/89,W. PALM BEACH,FL.,33411,f0291_06.png
8/5/89,Jackson,MI,49201,f0292_16.png
"AUG 5,1989",GALLATIN,TN.,37066,f0293_40.png
8-09-89,GEORGETOWN,CA,95634,f0294_18.png
08-10-89,Sacramento,CA.,95823,f0295_17.png
8-10-89,Sacramento,Ca,95841,f0296_20.png
8-8-89,Redmond,wa,98052,f0297_05.png
AUG. 9.1989,HONOLULU,HAWAII,96826,f0298_13.png
8-11-89,STRONGSVILLE,OH,44136,f0300_24.png
08-10-89,Stockton,CA.,95205,f0301_33.png
8-8-89,Warren,Ohio,44481,f0302_47.png
08/09/89,Frostproof,FL,33843,f0303_00.png
08-08-89,Anaheem,CA,92807,f0304_23.png
8-11-89,YERINGTON,NV,89447,f0308_10.png
8/11/89,YAKIMA,WA,98901,f0310_32.png
8/9/89,Idaho Falls,ID,83401,f0311_48.png
08-10-89,PocAtello,ID,83204,f0312_43.png
8/9/89,IDAHO FALLS,ID.,83406,f0313_43.png
08/05/89,ORLANDO,FL,32804,f0317_44.png
8-06-89,EAST DETROIT,Mich,48021,f0318_44.png
08-08-1989,SPRINGField,OHIO,45502,f0319_32.png
08-10-89,Las Vegas,NV,89102,f0320_41.png
Aug 9,Santa Cruz,California,95062,f0322_19.png
8/10/89,LOS ANGELES,CA,90033,f0325_17.png
8-8-89,Washington,Ga.,30673,f0326_35.png
8/8/89,atlanta,GA,30083,f0327_43.png
8/8/89,DOYLEStOWN,OH,44230,f0330_09.png
8/6/89,PRATTVILLE,AL,36067,f0333_01.png
08/08/89,TUSCALOOSA,Al,35401,f0334_01.png
5 AUGUST '89,GRAND RAPIDS,MICHIGAN,49504,f0335_14.png
08/07/89,SPRING Hill,Fl.,34606,f0337_24.png
8-6-89,Palm Harbor,Florida,34684,f0338_35.png
08/05/89,Stockbridge,Ga.,30281,f0339_11.png
8-5-89,Riverdale,GA,30274,f0340_05.png
08/04/89,Morrow,GA,30260,f0341_00.png
"Aug. 6,1989",JEFFERSON,GA,30549,f0342_31.png
08/09/89,Salinas,Ca.,93908,f0344_25.png
08-10-89,Visalia,Ca.,93277,f0345_23.png
08/09/89,Rialto,Ca,92376,f0346_40.png
08/05/89,OAK PARK,MICH,48237,f0348_46.png
08-01-89,TROY,MI,48098,f0349_40.png
"AUG 9,1989",LAS VEGAS,NV,89101,f0350_03.png
08-10-89,DAPHNE,AL,36526,f0351_22.png
8-9-89,HONOLULU,HI,96816,f0353_18.png
08/08/89,ROlliNG Hills EsT,CA,90274,f0354_10.png
08-10-89,BeLL GARDENS,CA,90201,f0355_32.png
08-10-89,HAYWARD,CA.,94544,f0358_32.png
08-05-89,HINCKLEY,OHiO,44233,f0360_15.png
8-7-89,BRONSON,MI,49028,f0361_07.png
8/11/89,JANESVILLE,CA,96114,f0362_44.png
"Aug 11,1989",Van Nuys,Ca,91411,f0363_43.png
"AUG 5,89",TAMPA,FL,33615,f0364_10.png
08-06-1989,BROOKSVIllE,FL,34601,f0365_07.png
08/07/89,TAMPA,FL,33618,f0369_34.png
8/7/89,St. PeteRsbuRg,Fl.,33714,f0370_20.png
8/5/89,INTERLACHEN,FL,32148,f0371_24.png
8-6-89,ORANGE PARK,FL,32065,f0373_35.png
08/04/89,BarLinHts.,Oh.,44814,f0374_13.png
08-09-89,Modesto,CA,95355,f0376_05.png
8-12-89,SACRAMENTO,Ca,95825,f0377_25.png
8/5/89,SAGINAW,MI,48602,f0378_12.png
8/5/89,Detroit,MI,48238,f0383_43.png
8-3-89,CINCINNATI,OHIO,45233,f0384_36.png
8/5/89,HIGHlAND Hts.,KY,41076,f0385_18.png
"August 7,1989",Kenton,Ohio,43326,f0386_15.png
8/9/89,LAS VEGAS,NV.,89121,f0387_49.png
8/05/89,DETROIT,Mi,48224,f0388_26.png
08-03-89,Metamora,MI,48455,f0389_38.png
8/7/89,TAmPA,FlORIDA,33629,f0391_32.png
8-9-89,LAS VEGAS,NV,89102,f0393_18.png
8-9-89,LAS VEGAS,NV,89120,f0395_15.png
08-06-89,Bham,ALA.,35235,f0397_27.png
8-7-89,Birmingham,AL,35209,f0398_37.png
8/7/89,Lake Park,GA,31636,f0399_44.png
08-07-89,Gadsden,Al,35903,f0404_33.png
08/05/89,ST. SIMONS ISL.,GA,31522,f0405_20.png
08 09 89,PINEDALE,CA,93650,f0408_03.png
8-8-89,TROY,MI,48098,f0410_43.png
"aug 11,89",Roseville,Ca,95678,f0412_26.png
08-10-89,SACRAMENTO,CA,95864,f0413_09.png
8/8/89,"Palmdale,",Ca.,93550,f0416_07.png
08-10-89,WasiLLA,AK.,99687,f0417_44.png
8/9/89,Brewster,WA,98812,f0420_19.png
8-11-89,Fresno,Ca.,93711,f0422_45.png
8/9/89,INglewood,CA,90302,f0426_47.png
08/10/89,Fremont,Ca,94538,f0427_40.png
8/9/89,BAY VILLAGE,OH,44140,f0428_41.png
08/07/89,Meldrim,Georgia,31318,f0429_13.png
8-6-89,Toledo,Ohio,43614,f0430_02.png
8-5-89,FORT VALLEY,GA,31030,f0431_36.png
8/8/89,BRADENTON,FL,34209,f0433_14.png
08-08-89,PLANTATION,FL.,33317,f0434_21.png
8-5-89,Worthington,OHio,48085,f0435_37.png
4 AUG89,Painesville,Ohio,44077,f0438_19.png
5 Aug 89,St MARYS,Ga,31558,f0439_08.png
8.7.89,BOCA RATON,FL,33431,f0440_17.png
8-7-89,Red Boiling Springs,TN.,37150,f0441_00.png
8-7-89,Winchester,TN,37398,f0442_00.png
08-04-89,HIXSON,TN,37343,f0443_21.png
08-04-1989,Nashville,TN,37214,f0446_03.png
08-06-89,JACKSONVILLE,FL,32256,f0448_39.png
8 AUGUST 1989,SEATTLE,WA,98102,f0450_41.png
08/05/89,GURLEY,AL.,35748,f0451_44.png
8-4-89,BUFORD,GA.,30518,f0452_37.png
8-5-89,PUNTA GORDA,FL,33950,f0453_45.png
8-7-89,LAWRENCEVILLE,GA.,30244,f0454_20.png
08/08/89,Seattle,WA,98105,f0455_26.png
08/05/89,Quincy,Fl.,32351,f0456_45.png
8/6/89,MIAMI,FLA,33165,f0457_13.png
8/8/89,SANDUSKY,OHIO,44870,f0458_38.png
08-10-89,Mt. VERNON,Georgia,30445,f0460_02.png
08/09/89,Monroeville,AL,36461,f0461_47.png
8-9-89,OROVILLE,Calif.,95965,f0463_09.png
08/08/89,LARGO,FL.,34644,f0464_48.png
8/8/89,LOS ANGELES,CALIFORNIA,90605,f0468_24.png
08-08-89,HEMET,CA,92343,f0469_20.png
08/07/89,BAGDAD,FLORIDA,32530,f0471_15.png
8/9/89,Spring Hill,TN,37174,f0472_36.png
08/07/89,Vancouver,WA,98664,f0473_21.png
8/8/89,Camarillo,Ca,93010,f0474_10.png
8-9-89,BURBANK,CA,91505,f0475_47.png
AUG. 9.1989,WEST HILLS,CA.,91304,f0478_10.png
8/5/89,Lakeland,FL,33803,f0480_41.png
8/3/89,BRUNSWICK,OH,44212,f0481_47.png
080889,DeBARY,FLORIDA,32713,f0482_06.png
8/10/89,ANCHORAGE,AK.,99516,f0483_42.png
"August 9, 198",Anchorage,Alaska,99502,f0484_46.png
08/09/89,Anchorage,AK.,99504,f0485_45.png
8-8-89,Anchorage,AK,99502,f0486_05.png
08-07-89,Gainesville,Fl.,32601,f0487_42.png
08/10/89,JUNCTION CITY,OR,97448,f0488_39.png
8/15/89,BALTIMONE,MD,21213,f0489_49.png
8-11-89,Jackson,MI,49201,f0490_13.png
8/12/89,FRESNO,CA,93727,f0491_35.png
8-10-89,Lakewood,CA,90712,f0492_08.png
8-11-89,GLENDORA,CA,91740,f0493_05.png
08/09/89,Birmingham,AL,35215,f0497_00.png
08-09-89,BERKELEY,CA,94702,f0498_06.png
"AUG. 11,1989",KANEOHE,HI,96744,f0499_10.png
8-11-89,TEQUESTA,FL,33469,f0500_38.png
8/10/89,SiERRA MADRE,CA,91024,f0501_06.png
"AUG 7, 1989",N. MUSKEGON,MI,49445,f0502_09.png
08/09/89,Spokane,WA,99203,f0504_29.png
08-08-89,Riverside,CA,92507,f0505_13.png
08/10/89,CONCORD,CA,94520,f0508_20.png
08/09/89,San Jose,CA,95120,f0509_28.png
08-09-89,DALY city,CA.,94015,f0510_47.png
8/9/89,SAN BRUNO,CA.,94066,f0511_03.png
08-09-89,menlo Park,CA,94025,f0512_15.png
8/9/89,Los Angeles,Ca,90044,f0513_18.png
"Aug. 10,1989",Clarkston,WA,99403,f0514_14.png
08-10-89,TROY,IDAMO,83871,f0515_18.png
8-9-89,Los ANGELES,CA.,90066,f0519_46.png
8-9-89,SAN JOSE,CA,95132,f0520_25.png
8-12-89,Chugiak,Alaska,99567,f0522_38.png
8-9-89,Fres No,Ca,93728,f0523_42.png
08/10/89,FRESNO,CA,93726,f0524_04.png
"Aug. 11, 1989",Cobb,CA.,95426,f0527_23.png
11/8/89,HONOLULU,HI,96818,f0528_49.png
8/10/89,HONOLULU,HI,96817,f0529_06.png
8-9-89,Scappoose,OR,97056,f0530_15.png
8/9/89,Los Angeles,CA,90025,f0532_09.png
8/9/89,SAN DIEGO,CA,92107,f0533_32.png
8-9-89,Blanchester,Ohio,45107,f0534_00.png
8-8-89,"Hallandale,",Fl.,33009,f0535_19.png
8-10-89,CASTRO VALLEY,CA,94546,f0536_45.png
"AUG. 9, 1989",CASTRO VALLEY,CA,94546,f0537_35.png
8-8-89,FountainValley,Ca,92708,f0542_10.png
08-10-89,Milpitas,CA.,95035,f0543_19.png
08-10-89,LA MESA,CA,92042,f0545_49.png
8/8/89,Macclenny,Florida,32063,f0546_38.png
08-08-89,LA VERNE,CA,91750,f0547_28.png
08/09/89,UPLAND,CA,91786,f0548_49.png
8-9-89,CHERRY VALLEY,CAL.,92223,f0552_46.png
08-89,Cumming,GA,30130,f0553_03.png
8/5/89,WATERTOWN,TN,37184,f0554_17.png
08/08/89,PORTLAND,OR,97212,f0555_35.png
8/9/89,Palm City.,Fl.,34990,f0556_25.png
8/11/89,Fallbrook,CA,92028,f0559_18.png
08-09-89,HUGHSON,CALIF.,95326,f0561_12.png
08/09/89,spokane,wa,99207,f0562_31.png
8-8-89,ARCADIA,Calif,91106,f0563_12.png
"Aug 11, 1989",HAUULA,HAWAII,96717,f0565_03.png
Aug. 10. 1989,Honolulu,HI,96816,f0566_02.png
8/11/89,KUlA,HAWAII,96790,f0567_25.png
08/11/89,Anchorage,AK,99502,f0568_00.png
8-15-89,Reading,PA,19606,f0569_42.png
"Aug.15,1989",Philadelphia,Pa.,19154,f0570_31.png
08/15/89,ELEANOR,WV,25070,f0572_15.png
08-11-89,Aloha,OR.,97007,f0573_31.png
08/09/89,DAYTONA Beach,FL.,32118,f0574_03.png
8/14/89,LAWNDALE,CA,90260,f0576_01.png
8/11/89,Los Angeles,CA.,90034,f0578_14.png
8-14-89,DANVillE,CA,94526,f0579_26.png
8-14-89,Novato,Ca.,94948,f0581_30.png
08/09/89,Det.,Mich.,48234,f0582_44.png
8/16/89,Lancaster,Pa,17601,f0583_26.png
08/14/89,HILO,HI,96720,f0584_22.png
"AUG. 10,1989",KANEOHE,HAWAII,96744,f0585_26.png
9/12/89,Guntersville,Al,35976,f0587_34.png
08-10-89,SAN DIEGO,CA,92105,f0588_19.png
08/11/1989,SAN FRANCISCO,CA,94103,f0589_20.png
None,None,None,None,f0590_06.png
8/9/89,Los Gatos,CA,95030,f0593_46.png
8-14-89,Seattle,Wa.,98118,f0596_26.png
8/13/89,St.Petersburg,Fl.,33705,f0599_04.png
8.10.89,BALTIMORE,MD.,21224,f0600_06.png
8-10-89,DOWNEY,CA,90240,f0601_32.png
08/10/89,POWAY,CA,92064,f0602_16.png
8-10-1989,Harrisburg,OREGON,97446,f0603_11.png
"Aug. 8, 1989",Montara,CA,94037,f0606_11.png
8/12/89,DALY CITY,CA,94014,f0607_27.png
8/12/89,SAN FRANCISCO,Ca,94132,f0608_06.png
"Aug 16, 1989",Reisterstown,Maryland,21136,f0610_38.png
8/14/89,QUINCY,FL,32351,f0611_34.png
8-12-89,Seattle,Washington,98106,f0613_28.png
8/11/89,Hood River,OREGON,97031,f0615_00.png
8-13-89,PARADISE,CA,95969,f0618_44.png
08-12-89,Battle Ground,WA.,98604,f0619_33.png
8/12/89,KANEOHE,HI,96744,f0621_33.png
08/14/89,HiRAm,GA.,30141,f0622_25.png
8-16-89,BALTIMORE,MD,21208,f0624_32.png
08-18-89,ERie,PA.,16505,f0627_14.png
8/16/89,PITTSBURCH,PA.,15217,f0629_39.png
8-17-89,Given,West Virginia,25245,f0631_03.png
08/16/89,Wolf Summit,WV,26462,f0633_18.png
8/16/89,NewLondon,PA,19360,f0634_01.png
8-17-89,Phila,Pa,19143,f0636_12.png
8-10-89,LOS ANGELES,CA,90008,f0638_07.png
8/16/89,San Francisco,Ca,94110,f0640_19.png
8/13/89,Bethlehem,PA,18017,f0641_22.png
08/14/89,Duluth,GA.,30136,f0645_45.png
08-16-89,New Tripoli,PA,18066,f0646_22.png
8/16/89,Turnersville,NJ,08012,f0648_23.png
8/15/89,Chadds FoRd,PA,19317,f0649_22.png
8/14/89,mcCall,ID,83638,f0651_45.png
08/17/89,So. Toms River,NJ.,08757,f0652_30.png
08-05-89,CLEVELAND HTS,OH,44118,f0653_02.png
14 AUG 89,HOMER,AK,99603,f0655_10.png
8-13-89,RIVeRSIDe,CA,92506,f0656_11.png
8-16-89,Upper Darby,Pa,19082,f0657_41.png
8/16/89,Hunlock Creek,Pa,18621,f0658_30.png
08/08/89,LOS Angeles,CA,90043,f0659_24.png
8-12-89,Felton,CA,95018,f0660_10.png
8-13-89,BURBANK,CA,91506,f0661_44.png
08 16 89,BALTO,MD,21205,f0664_26.png
08/14/89,Portland,OR,97202,f0665_47.png
7/16/89,"SOUTHAMPTON,",PA,18966,f0666_20.png
8-17-89,Salisbury,Md,21801,f0667_05.png
08/15/89,RINGTOWN,PA,17967,f0668_31.png
08/14/89,Bartow,FloRidA,33830,f0675_24.png
08-11-89,WASILLA,AK,99687,f0676_08.png
8/11/89,Anchorage,AK,99503,f0677_30.png
8/9/89,Eagle River,alaska,99577,f0678_26.png
8-12-89,Seattle,Wa,98115,f0684_13.png
08/09/89,"MONTEBELLO,",CA,90640,f0686_09.png
"Aug. 9,1989",KENT,WA,98042,f0688_09.png
8/18/89,Schaumburg,Il,60194,f0690_26.png
8-13-89,ANCHORAGE,Alaska,99518,f0692_03.png
8-19-1989,"CHICAGO,",IL.,60634,f0694_49.png
"AUG. 14,1989",SAN DIEGO,CA.,92119,f0696_13.png
8/7/89,Yucaipa,CA,92399,f0698_45.png
08/16/89,PITTSBURGH,PA,15232,f0700_20.png
8/13/89,Chula vista,Ca,92011,f0701_21.png
8/18/89,Halsey,Oregon,97348,f0704_31.png
8-19-89,VeNeTiA,Po,15367,f0705_35.png
8/17/89,Pittsburgh,PA,15239,f0706_13.png
8-17-89,COLUMBIA,MD,21045,f0707_44.png
08-19-89,ANTIOCH,Il,60002,f0708_14.png
8-18-89,GLENVIEW,IL,60025,f0709_40.png
08-17-89,Chambersburg,PA,17201,f0711_11.png
8/12/89,Des Moines,Wa,98198,f0713_17.png
8/18/89,Greensburg,Pa,15601,f0714_32.png
8-18-89,STERLING,IL,61081,f0715_08.png
8-16-89,PHILADELPHIA,PA,19132,f0716_15.png
8-17-89,LINDEN,PA,17744,f0717_46.png
08-16-89,Emmitsburg,MD,21727,f0718_13.png
08-16-89,LINTHICUM,MD,21090,f0719_05.png
08-18-89,Chicago,IlliNois,60618,f0720_38.png
"August 18, 1989",Goshen,IN,46526,f0721_31.png
8/16/89,Sharon Hill,PA,19079,f0723_20.png
08-18-89,Marseilles,Illinois,61341,f0725_46.png
8-17-89,WILLIAmSPORT,PA,17701,f0727_27.png
8-18-89,WILKES-BARRE,PA,18702,f0728_14.png
8/17/89,WARMINSTER,PA,18974,f0729_08.png
8/14/89,Los Angeles,CA.,90011,f0732_46.png
08-17-89,Portage,PA,15946,f0734_39.png
8-17-89,Bedford,PA,15522,f0735_17.png
08-13-89,Los Angeles,CA.,90018,f0736_38.png
8/10/89,ATLANTA,GA,30311,f0737_49.png
8/17/89,Clarksburg,WV,26301,f0738_13.png
08-14-89,San Dimas,CA,91773,f0739_42.png
8-18-89,ARLINGTON Hts,IL,60005,f0740_43.png
8-18-89,LOS ANGeLeS,CA,90044,f0741_44.png
8-19-89,BURBANK,IL.,60459,f0743_31.png
8/19/89,Batavia,IL,60510,f0745_35.png
08/18/89,CHICAGO,IL,60653,f0746_28.png
8-19-89,JOHNSTOWN,PA,15904,f0748_15.png
8-11-89,Elko,Nv.,89801,f0750_18.png
8/9/89,cincinnati,OH.,45242,f0751_28.png
8/13/89,ST. CLAIR SHORES,MI,48082,f0754_01.png
8-15-89,Pitman,NJ,08071,f0757_24.png
08-16-89,Schnecksville,PA,18078,f0758_07.png
"August 16,1989",Absecon,New Jersey,08201,f0759_41.png
08/15/89,Duncansville,Pa.,16635,f0760_23.png
8-17-89,Pittsburgh,GA,15228,f0761_10.png
08-14-89,YUCAIPA,CA,92399,f0762_20.png
8-10-89,LOS Angeles,CA,90033,f0763_30.png
08/14/89,VIDA,OREGON,97488,f0764_08.png
8/14/89,Cherry Hill,NJ,08003,f0765_33.png
8/16/89,Lancaster,Pa,17603,f0766_01.png
08-16-89,Sharon Hill,Pa.,19079,f0767_25.png
08/15/89,FEAsteRville,PA.,19047,f0768_20.png
8/16/89,"McMurray,",PA,15317,f0772_14.png
8-9-89,Caldwell,Idaho,83605,f0773_10.png
8-12-89,Boise,Idaho,83709,f0774_40.png
8/14/89,Nashville,TN,37210,f0775_24.png
08/12/89,Oak Harbor,WA,98277,f0777_12.png
8-12-89,WEATHERLY,PA.,18255,f0778_20.png
8-19-89,Cross Lanes,WV,25313,f0780_06.png
8/10/89,Portland,OR,97230,f0781_31.png
08-07-89,Nashville,TN,37217,f0782_49.png
8/9/89,North Pole,Alaska,99705,f0783_27.png
8/11/89,Healy,AK,99743,f0784_30.png
08/11,OCALA,FLA,32671,f0785_26.png
8-7-89,Pembroke Pines,FL.,33024,f0786_07.png
08/09/89,Beaverton,OREGON,97005,f0788_34.png
08/07/89,Pell City,Al.,35125,f0789_10.png
08/19/89,Highlands,N.J.,07732,f0794_31.png
08-17-89,MiddletowN,Delaware,19709,f0796_08.png
08/20/1989,DILLSBURG,PA,17019,f0797_22.png
8/20/89,MISHAWAKA,IN,46545,f0798_05.png
8/18/89,SELINSGROVE,PA,17870,f0801_25.png
08-20-89,GreeNsburg,Pa.,15601,f0802_22.png
08/14/89,Hortense,Ga,31543,f0803_40.png
8-19-89,Indianapolis,IN,46229,f0804_00.png
8-21-89,COAL CITY,INDIANA,47427,f0808_46.png
08/25/89,Washington,DC,20011,f0811_49.png
8/24/89,Waldorf,Md,20601,f0812_32.png
8/22/89,NAZARetH,PA.,18064,f0813_02.png
"AUG. 23,1989",COLUMBIA,S.C.,29033,f0815_12.png
08/28/1989,Williamsville,New York,14221,f0816_18.png
8/23/89,Cabot,UT,05647,f0817_40.png
None,ROSEDALE,IN,47874,f0820_47.png
8-19-89,HANOVER PARK,IL,60103,f0821_44.png
08/19/89,North EAST,PA,16428,f0826_18.png
08/17/89,Tamaqua,Pa,18252,f0827_09.png
August 19,Chalfont,Pa.,18914,f0829_00.png
8/16/89,PHILA.,PA.,19136,f0830_45.png
8/19/89,Palatine,IL,60067,f0833_32.png
"AUG 16, 1989",N.OLMSTED,OH,44070,f0834_03.png
AUG. 19 1989,ANDERSON,IN,46016,f0836_28.png
8-21-89,BECKLEY,WV,25801,f0837_08.png
8-19-89,Rolling Prairie,IN,46371,f0838_49.png
8-19-89,WESTERN SPRINGS,IL.,60558,f0840_37.png
8-18-89,CHICAGO,ILL,60625,f0841_10.png
08-19-89,FT.WAYNE,IN.,46825,f0842_22.png
08/19/89,Bloomington,IN,47408,f0843_06.png
08-19-89,Henderson,NY,43420,f0844_42.png
08.14.89,Baltimore,Md,21205,f0845_22.png
8/15/89,Pittsburgh,PA,15209,f0846_32.png
08-18-89,MONTROSE,PA,18801,f0847_06.png
8-19-89,Chicago,ILL,60618,f0850_30.png
08-19-89,Chicago,Illinois,60641,f0851_41.png
8/21/89,CARTER VILLE,IL,62918,f0853_05.png
8/23/89,PHILA,PA,19144-1831,f0854_12.png
8/22/89,Chelsea,Vt,05038,f0855_46.png
8-20-89,Chicago,Ill,60637,f0856_23.png
Aug. 18,Kennett Sq.,Pa.,19348,f0857_21.png
8/18/89,neoga,illinois,62447,f0858_32.png
8/27/89,INDIANAPOLIS,IN,46205,f0859_01.png
08-19-89,MATTOON,IL,61938,f0860_21.png
8-21-89,Alexandria,IN.,46001,f0863_41.png
8-21-89,INDIANAPOLIS,IN,46220,f0864_41.png
8-19-89,CHICAGO,IL.,60638,f0866_22.png
"Aug. 19,1989",Clinton,In.,47842,f0867_28.png
8/24/89,WHISPERING PINES,NC,28327,f0868_03.png
8/24/89,Glendon,N.C.,27251,f0871_23.png
8-22-89,WILMINGTON,MA,01887,f0874_26.png
8/19/89,Rockford,IL.,61103,f0875_02.png
8-19-89,Rock Falls,ILLINOIS,61071,f0876_43.png
08-19-89,MOLINE,IL,61265,f0878_21.png
8-21-89,WAlcott,IA,52773,f0879_35.png
8.9.89,ALAMEDA,CA,94501,f0881_03.png
7-1-89,No.Hollywood,CA,91607,f0882_28.png
08/21/89,DOLTON,IL,60419,f0883_14.png
"August 21, 1989",Cedarville,IL,61013,f0884_29.png
08-19-1989,LOS ANGELES,CA.,90006,f0885_39.png
8-21-89,Centralia,Il.,62801,f0887_39.png
8-18-89,Leaf River,Ill.,61047,f0888_25.png
"AUG. 22, 1989",SPRINGFIELD,MA.,01109,f0889_48.png
Aug 23 1989,Central Falls,RI,02863,f0891_44.png
8/23/89,Schenectady,N.Y.,12309,f0894_09.png
8-22-89,LONGMEADOW,MA,01106,f0896_44.png
8-23 89,LONG BRANCH,N.J.,07764,f0898_29.png
08-11-89,Tillamook,OR,97141,f0901_39.png
11 AUG 89,NOVATO,CA,94949,f0903_42.png
8-20-89,REDLANDS,CA,92374,f0904_04.png
8/21/89,Peoria,IL,61614,f0906_29.png
8/20/89,Sherman Oaks,CA,91403,f0907_00.png
8-21-89,Tallahassee,FL,32312,f0908_25.png
None,None,None,None,f0909_04.png
08-21-89,Indianapolis,IN,46254,f0910_22.png
8-20-89,Du Quoin,IL.,62832,f0911_02.png
08-17-89,OLYMPIA FIELDS,IL,60461,f0912_01.png
08/21/89,Frankfort,IL.,60423,f0913_31.png
8-21-89,Morton Grove,IL.,60053,f0914_27.png
8-21-89,CHICAGO,IL,60634,f0915_03.png
8-14-89,Detroit,Mich,48209,f0916_49.png
08/21/89,South Bend,In.,46628,f0919_47.png
08/22/89,Floyds Knobs,In,47119,f0920_11.png
8/19/89,Bloomfield,IN.,47424,f0922_02.png
8-21-89,TERRE HAUTE,IN,47803,f0924_33.png
08/18/89,MOUNTAIN VIEW,CA,94041,f0925_21.png
8-19-89,Hamilton,IL,62341,f0926_26.png
8/23/89,GREENWICH,NEW YORK,12834,f0929_23.png
8/19/89,BALTIMORE,MARYLAND,21207,f0930_07.png
"AUGUST 24, 1989",HiLTON,NY,14468,f0933_38.png
8-24-89,WARWICK,RI.,02886,f0939_32.png
8/22/89,NANTUCKET,MA,02554,f0942_17.png
08-24-89,SO. BOSTON,VA,24592,f0943_40.png
8/23/89,PITTSFORD,VT,05763,f0946_31.png
08/24/89,NORWALK,CT,06851,f0947_41.png
8/23/89,Rochester,NY,14612,f0950_21.png
"AUG. 23,1989",ROCHESTER,N.Y.,14626,f0952_49.png
8/23/89,Rockport,MA,01966,f0953_15.png
8-22-89,Swampscott,Ma,01907,f0954_02.png
08/19/89,PERU,INDIANA,46970,f0955_30.png
08/28/89,"Chesterfield,",Virginia,23832,f0957_15.png
08/24/09,DUMMERSTON,VT.,05346,f0960_13.png
08-23-89,Carthage,NY,13619,f0961_08.png
"August 23,89",No. Syracuse,ny,13212,f0962_04.png
8/24/89,Washington,DC,20010,f0963_21.png
8/23/89,New Bedford,Ma.,02745,f0965_28.png
08-24-89,Sanford,North CAROliNA,27330,f0967_29.png
8-23-89,Worcester,Ma.,01604,f0971_24.png
08/24/89,Fayetteville,n.c.,28304,f0972_43.png
8-22-89,Boston,MA.,02130,f0974_14.png
08/22/89,CHICAGO,IL,60622,f0975_48.png
08-18-89,Chicago,IL,60628,f0976_41.png
08/19/89,Hidalgo,IL,62432,f0977_37.png
8/22/89,NEWTON,MA,02165,f0979_22.png
8/23/89,So Waymouth,MA,02190,f0980_43.png
08/23/89,CATAWBA,SC,29704,f0986_02.png
8-23-89,BOSTON,MA.,02136,f0988_45.png
08/22/89,WATER TOWN,MA,02172,f0990_06.png
7/30/89,CHERRY HILL,NJ,08003,f0992_04.png
23 AUG. 89,WINDSOR,CT,06095,f0994_46.png
8-12-89,MANHATTAN BCH,CA,90266,f0995_43.png
08/22/89,Brockton,MA,02401,f0998_45.png
8-22-89,Hudson,Pa,18705,f0999_29.png
AUG. 23.89,LOUDONVILLE,N. Y.,12211,f1000_45.png
8/23/89,KERNERSVILLE,NC,27284,f1002_33.png
8-22-89,HAVERHILL,MASS.,01830,f1004_07.png
08/22/89,"Worcester,",MA,01605,f1005_12.png
08/23/89,Littlestown,Pa.,17340,f1006_19.png
8/23/89,Dudley,NC,28333,f1008_28.png
08/23/89,Darlington,S.C.,29532,f1009_29.png
08/24/89,FARNHAM,VA,22460,f1010_11.png
"aug 27, 1989",Bethleham,Pa.,18017,f1011_35.png
8/23/88,BRAiNTRee,MA.,02184,f1012_30.png
8/24/89,PITTSFIELD,MA,01201,f1013_47.png
8-19-89,Franklin,Indiana,46131,f1014_23.png
08-25-89,Stafford,Va.,22554,f1015_14.png
08-24-89,MARSHALL,N.C.,28753,f1018_07.png
8-24-89,SoutheRn Pines,NC.,28387,f1019_45.png
8-25-89,Wilmington,N.C.,28403,f1020_31.png
8-25-89,WesT HArTFord,Conn.,06107,f1021_16.png
8-21-89,Crown Point,In,46307,f1024_46.png
8/26/89,Yorktown,VA,23690,f1026_41.png
08/26/89,SONORA,KY,42776,f1027_05.png
08/25/89,Reading,Pa,19609,f1028_20.png
8-23-89,HAINES,ALASKA,99827,f1029_30.png
08-24-89,HAMPTON,VA,23666,f1030_04.png
08-24-89,PORTSMOUTH,VA,23707,f1031_37.png
8/25/89,Hampton,Va.,23669,f1034_02.png
082289,Ft. Fairfield,Me,04742,f1036_49.png
"AUG. 23,1989",SEARSPORT,ME,04974,f1037_16.png
"AUGUST 24,89",RichMOND,VA,23236,f1038_35.png
8/24/89,Chester,Va,23831,f1039_40.png
8-23-89,SPRINGFIELD,PA,19064,f1041_18.png
8-23-89,Worcester,Ma,01606,f1042_08.png
AugusT 24-1989,Dexter,Maine,04930,f1044_04.png
8/23/89,GROVELAND,MA,01834,f1046_14.png
"August 23,1989",Plymouth,N.H.,03264,f1050_39.png
08-24-1989,Creswell,N.C.,27928,f1051_38.png
8/25/89,Havelock,NC,28532,f1052_05.png
08/23/89,Topsham,maine,04086,f1053_00.png
8/24/89,DuRHAM,N.C,27705,f1057_34.png
08/23/89,SCOTLAND,CT.,06264,f1059_15.png
08/25/89,Newton Jet,NH,03859,f1060_13.png
08/23/89,Chicago,IL,60649,f1061_01.png
8/25/89,WEYERS CAVE,VA.,24486,f1062_28.png
08-24-89,Pilot Mountain,NC,27041,f1063_36.png
08-24-89,Buffalo,N.Y.,14207,f1064_32.png
8/24/89,Georgetown,DE,19947,f1065_10.png
8-23-89,HENDERSONVILLE,N.C.,28739,f1066_29.png
8/23/89,HORSE SHOE,NC,28742,f1069_22.png
08/27/89,FLATGAP,KY,41219,f1071_37.png
08/26/89,PLEASANTVILLE,NJ,08232,f1072_34.png
8/23/89,Utica,N.Y.,13501,f1074_34.png
"AUGUST 25,1989",SANDSTON,VA,23150,f1075_00.png
8/21/89,ENDICOTT,NY,13760,f1076_12.png
8-22-89,NEWARK VALLEY,NY,13817,f1077_48.png
08.25.89,Suffolk,Va.,23432,f1078_11.png
8-23-89,Williston,Vermont,05495,f1079_06.png
08/22/89,Aynor,S.C.,29511,f1081_19.png
8.26.89,RESTON,VA,22090,f1083_27.png
"Aus 24,1989",Springfield,VA,22152,f1085_29.png
8/25/89,Bowling Green,Ky,42101,f1087_32.png
Aug. 24/89,Fairfield,North Carolina,27824,f1089_04.png
8/25/89,BUFFALO,NY,14221,f1090_13.png
08-25-89,EVANSVILLE,IN,47712,f1091_00.png
8/25/89,Greensboro,NC,27403,f1092_01.png
8/24/89,Monrovia,Md.,21770,f1093_13.png
8/28/89,Raleigh,NC,27603,f1094_42.png
08-24-89,Wise,ViRgiNia,24293,f1095_24.png
8/26/89,Norfolk,Va.,23504,f1096_05.png
8-24-89,PAducAh,Ky.,42001,f1097_20.png
"Aug. 24,1989",Fayetteville,NY,13066,f1098_11.png
8/25/89,Silver Spring,MD,20903,f1100_46.png
8/25/89,Mattapan,MA,02126,f1101_38.png
8/24/89,NEW HAVEN,Ct.,06511,f1102_33.png
8/25/89,KEYSVILLE,VA,23947,f1103_38.png
8-25-89,Waterbury,Ct.,06705,f1104_24.png
AUGUST 24-89,GLASTONBURY,CT.,06033,f1105_31.png
08/24/89,PADUCAH,Ky,42001,f1106_01.png
8-23-89,Youngsville,N.C.,27596,f1107_44.png
8/24/88,AUGUSTA,GA,30909,f1108_14.png
08-25-89,Edgefield,S.C.,29824,f1109_36.png
8/25/89,Shelburne Falls,MA,01370,f1110_03.png
08/25/89,Aiken,SC,29801,f1111_02.png
8-24-89,HUNTINGTON,WV,25704,f1113_16.png
8/26/89,Kingstree,S.C.,29556,f1114_07.png
08/24/89,Williamston,N.C.,27892,f1115_26.png
8/24/89,GREENVILLE,NC,27834,f1116_09.png
8-24-89,Falmouth,Maine,04105,f1117_18.png
08-24-89,Fayetteville,North Carolina,28301,f1118_23.png
"Aug 24,89",FLEETWOOD,N.C.,28626,f1120_05.png
08-24-89,WARNER Robins,GA,31093,f1121_47.png
8-25-89,BINGHAMTON,N.Y.,13905,f1122_02.png
08-24-89,Bowling Green,KY,42104,f1124_24.png
08-24-89,ChApmANvillE,WV,25508,f1125_41.png
08/24/89,Barboursville,W.V.,25504,f1126_06.png
8/23/89,SIMPSONVILLE,South Carolina,29681,f1127_01.png
8/25/86,West Columbia,s.c.,29169,f1128_24.png
08/26/89,Roanoke,VA,24017,f1130_48.png
AUGUST 25 89,NEW MILFORD,CT.,06776,f1131_00.png
8/24/89,Mt Sterling,Ky,40353,f1132_19.png
8-23-89,East Haven,CT,06512,f1134_40.png
08/23/89,Auburn,ME,04210,f1135_17.png
"AUG. 25, 1989",ARLINGTON,VA,22204,f1137_07.png
08/21/89,GREENVILLE,IL.,62246,f1138_27.png
8/24/89,Murphysboro,IL,62966,f1140_23.png
8-23-89,Westmont,Illinois,60559,f1142_44.png
08/24/89,Rock ISLAND,IL,61201,f1143_43.png
8-25-89,WASH.,DC,20017,f1144_47.png
"August 23,1989",Derry,NH,03038,f1148_23.png
8/24/89,NASHUA,NH,03063,f1149_46.png
08/24/89,Versailles,KY,40383,f1151_39.png
None,None,None,None,f1154_00.png
08-28-1989,La GRaNGe,Ky,40031,f1155_22.png
8/26/84,MARION,Ky,42064,f1156_23.png
8-26-89,NASHUA,N.H.,03062,f1158_21.png
8/23/89,York,ME,03909,f1159_29.png
8/25/89,AlexAnDRiA,VIRGINIA,22307,f1160_23.png
8-24-89,S. BURLINGTON,VT,05403,f1166_04.png
8-24-89,Dover-Foxcroft,Me,04426,f1167_31.png
8/25/89,Augusta,me,04330,f1168_30.png
"AUG. 10, 1989",OXNARD,CA.,93033,f1171_06.png
08-25-89,SPARtANbURG,SC.,29301,f1172_25.png
8/28/89,LAUREL,MD,20707,f1173_40.png
8-23-89,PROVIDENCE,R.I.,02909,f1174_47.png
8/19/89,Columbus,Ohio,43214,f1175_48.png
08-23-89,E.SYR.,NY,13057,f1177_42.png
8/22/89,Manchester,CT,06040,f1179_01.png
8-23-89,So. PORTLAND,ME,04106,f1181_27.png
8/25/89,READING,MA,01867,f1182_38.png
8/25/89,TiverTon,R.I.,02878,f1183_38.png
8/27/89,WAKEFIELD,RI,02879,f1184_21.png
"Aug. 22, 1989",BROCKtON,MASS.,02402,f1185_47.png
08/28/89,Dorchester,MA.,02124,f1187_49.png
8/23/89,Salem,NH,03079,f1188_01.png
08-25-89,LYNN,MA,01902,f1189_06.png
08/28/89,Cheshire,MA,01225,f1190_46.png
8/22/89,Somerset,ma.,02726,f1191_18.png
8/24/89,BOSTON,MA,02121,f1192_26.png
08/23/89,BRIDGEPORT,Ct,06610,f1194_03.png
"Aug. 23, 1989",Farmington,me.,04938,f1195_27.png
8-25-89,VERgENNES,VT.,05491,f1196_16.png
8/26/89,Kennebunk,Maine,04043,f1197_00.png
08-23-89,Pawtucket,R.I.,02860,f1200_36.png
8/23/89,SHELTON,Ct.,06484,f1201_49.png
8/23/89,New Haven,CT,06515,f1202_47.png
08-28-89,W. Rutland,VT,05777,f1203_10.png
8/29/89,WORCESTER,MA,01609,f1204_09.png
8-29-89,ST. ALBANS,VT.,05478,f1206_36.png
08/24/89,MACedoN,NY,14502,f1209_31.png
08/24/1989,Clifton Springs,N.Y.,14432,f1210_47.png
8/23/89,Webster,Ny,14580,f1213_10.png
8-28-89,COEYMANS HOLLOW,NY,12046,f1215_02.png
8-25-89,PhilA,PA,19139,f1218_35.png
8-28-89,"P.O. Box 358, Worthington",pa,16262,f1220_42.png
8/30/89,Huntingtown,MD.,20639,f1221_17.png
8-28-89,Princeton,WV,24740,f1223_27.png
"August 30, 1989",Washington,D.C.,2,f1224_16.png
08/24/89,Hyattsville,MD,20784,f1226_13.png
8-25-89,Gauley Bridge,WV,25085,f1227_38.png
08-23-89,UniontowN,PA,15401,f1229_25.png
8/19/89,Wilkes-Barre,Pa,187029741,f1230_10.png
24 AUG 89,WASHINGTON,DC,20011,f1232_34.png
8-30-89,BOWIE,MD,20716,f1233_46.png
8/30/89,TEMPLE HILLS,MD,20748,f1234_26.png
08.23.89,WASHINGTON,D.C.,20003,f1235_34.png
8/25/89,Rockville,Md,20853,f1236_11.png
08/27/89,Silver Spring,Md.,20906,f1238_43.png
8.28.89,Smithville,NJ.,08201,f1239_18.png
"AUG. 28,'89",VERSAILLES,OHIO,45380,f1241_00.png
8-19-89,Jasper,IN,47546,f1244_09.png
8-24-89,Chicago,Il.,60629,f1245_39.png
8/25/89,BROWNsburg,IN,46112,f1246_39.png
08/29/89,Naperville,Il,60563,f1249_33.png
8/25/89,Chicago,Il.,60653,f1250_24.png
8/27/89,Canton,N.C.,28716,f1252_21.png
8-25-89,Bedford,VA,24523,f1253_43.png
08-24-89,MorgaNton,N.C.,28655,f1254_34.png
8-28-89,RICHMOND,VA.,23229,f1256_05.png
8-25-89,CONWAY,S.C.,29526,f1257_26.png
8-27-89,CEDAR MT,N.C,28718,f1258_19.png
08/24/89,Stafford,Va.,22554,f1261_39.png
8/26/89,Durham,NC,27713,f1262_42.png
8/28/89,Kill Devil Hills,N.C.,27948,f1263_18.png
8-28-89,HARLAN,Ky.,40831,f1264_37.png
8-28-89,CALLANDS,VA.,24530,f1267_20.png
08/26/89,Fairfax,Va,22030,f1268_12.png
08/23/89,"FLORENCE,",S.C.,29502,f1270_28.png
08-25-89,HARRISONBURG,VA,22801,f1271_05.png
8-28-89,BRooKNeal,VA.,24528,f1272_09.png
8-25-89,Norfolk,VA,23517,f1274_24.png
08/24/89,Moncks Corner,S.C.,29461,f1275_19.png
"AUG. 24,1989",Gastonia,NC,28054,f1277_02.png
8/23/89,WINGATE,NC,28174,f1279_31.png
08-28-1989,Louisville,Ky.,40214,f1282_39.png
08/26/89,SULLIVANS Is,S.C.,29482,f1284_38.png
8/28/89,Murray,KY,42071,f1285_45.png
8-26-89,Washington,NC,27814,f1286_47.png
08/28/89,HARRISONBURG,VA,22801,f1287_40.png
8-25-89,Reston,VA,22090,f1289_06.png
8-24-89,Boiling Springs,NC,28017,f1290_49.png
08/28/89,Marion,Ky,42064,f1292_22.png
"Aug. 28, 1989",MT. Holly,NC,28120,f1294_12.png
08-29-89,Pelzer,SC,29669,f1295_00.png
8-28-89,HILTON HEAD,S.C,29926,f1296_02.png
8.27.89,WARRENTON,VA,22186,f1297_30.png
8/23/89,Bishopville,S.C.,29010,f1300_41.png
8/29/89,Louisville,KY,40214,f1303_05.png
08/28/89,Louisville,Ky.,40216,f1304_45.png
08-28-89,Pulaski,VA.,24301,f1305_42.png
08/24/89,PiedmoNT,S.C.,29673,f1306_03.png
8-28-89,WINSTON-SALEM,N.C.,27106,f1308_43.png
8-27-89,HARtsvIlle,S.C,29550,f1309_08.png
8/28/199,ChARlotte,N.C.,28211,f1310_44.png
"August25,1959",Hartwell,Georgia,30643,f1311_39.png
8-22-89,Wailuku,HI,96793,f1316_31.png
08/10/89,Honolulu,Hi,96821,f1317_00.png
8-27-89,SAN JOSE,CA,95129,f1318_17.png
08-27-89,LARGO,FL,34641,f1320_38.png
8/30/89,Norfolk,Virginia,23505,f1321_40.png
8/29/89,Raleigh,N.C.,27612,f1325_20.png
8-28-89,Wallace,SC,29596,f1326_12.png
7-15-89,West TeRRe HAute,IN,47885,f1327_05.png
8/28/89,Oaktown,In,47541,f1328_01.png
08/26/89,PONTIAC,IL,61764,f1329_29.png
8-23-89,Boston,MASS,02124,f1333_48.png
08-26-89,WINSTON SALEM,NC,27104,f1334_00.png
8-26-89,ROLLING MDWS,IL,60008,f1337_29.png
08/29/89,Mechanicsville,Va.,23111,f1339_22.png
8-26-89,CHARLOTTE,NC,28202,f1342_17.png
8-26-89,E. Longmeadow,Ma.,01028,f1343_32.png
8-30-89,SPRINGFIELD,VT,05156,f1347_06.png
8/30/89,NEEDHAM,MA,02192,f1349_00.png
9-1-89,Sidney,N.Y.,13838,f1350_18.png
9-1-89,Gaithersburg,MD,20882,f1352_27.png
08/25/89,CROFTON,MD.,21114,f1353_42.png
09/01/89,Henryville,IN,47126,f1354_22.png
9-1-89,LAuRINbuRg,NC,28352,f1358_13.png
8-30-89,"Ripplemead,",Virginia,24150,f1359_45.png
08/29/89,Ahoskie,N.C.,27910,f1360_32.png
08/31/89,STAUNTON,VA,24401,f1361_36.png
9-1-89,Paducah,Ky,42001,f1362_31.png
8-29-89,monterey,CA,93940,f1365_16.png
8-28-89,SILVER SPRING,MD.,20902,f1366_49.png
8/26/89,Washington,D.C.,20020,f1367_00.png
09/01/89,Fenwick Island,De,19944,f1368_03.png
09/04/1989,Arlington,VA,22202,f1370_48.png
08/30/89,Fairfax,VA,22031,f1371_21.png
8-31-89,Reidsville,n.c.,27320,f1372_35.png
8-29-89,LANSING,IL,60438,f1374_18.png
9-2-89,HAmpden,Me,04444,f1375_23.png
9/6/89,SPRINGFIELD,MA,01109,f1376_43.png
09/01/89,MASSENA,ny,13662,f1378_08.png
8/10/89,White Hall,MD,21161,f1379_47.png
9-1-89,AURORA,In,60504,f1380_34.png
9-6-89,ROMEOVILLE,ILL,60441,f1381_00.png
8-18-89,CHICAGO,IL,60639,f1382_07.png
"Sept 9,1989",Alpharetta,Ga,30201,f1384_42.png
09-05-89,Winter Haven,FL,33880,f1386_19.png
8/8/89,Toluca LAKE,CA.,91601,f1388_41.png
08/25/89,Schiller Park,IL,60176,f1392_44.png
"Aug. 30,1989",Orofino,ID,83544,f1393_25.png
8-30-89,Walnut Creek,CA,94598,f1395_14.png
"SePT. 1,1989",WESTPORT,MA.,02790,f1397_09.png
08/19/89,Indianapolis,IN,46241,f1400_25.png
9/6/89,Arlington,VA,22202,f1404_39.png
08/20/89,PALO ALTO,CA,94301,f1407_18.png
08-28-89,ATHOL,MA,01331,f1412_36.png
07-09-89,SOUTH WINDSOR,Ct.,06074,f1413_14.png
2/7/89,BURNt Hills,N.Y.,12027,f1415_37.png
9-17-89,Schenectady,NY,12304,f1416_00.png
9-1-89,Blairsville,Pa.,15717,f1417_14.png
08-19-89,Wilkinsburg,Penna,15221,f1418_02.png
8/28/89,CHICAGO,IL.,60629,f1420_00.png
08/28/89,FORT WAYNE,IN,46806,f1421_27.png
9/21/89,Collinsville,IL,62234,f1423_05.png
09/21/89,"SEDALIA,",MissouRi,65301,f1424_45.png
09-21-89,AMES,IA,50010,f1426_27.png
09-22-89,Minneapolis,MN,55432,f1427_16.png
9/21/89,Waukesha,Wi,53186,f1428_25.png
"Sept. 21,1989",Iowa City,Ia.,52246,f1430_10.png
09/20/89,Warson Woods,Mo,63122,f1432_44.png
9-21-89,Cedar Falls,Iowa,50613,f1433_36.png
09-18-89,ST.CHARLES,Mo.,63303,f1434_10.png
09/21/89,GRAND RAPids,MN,55744,f1436_39.png
09-21-89,Ballwin,Mo.,63021,f1437_23.png
9-22-89,Independence,Mo.,64055,f1438_26.png
09-21-89,Benton city,mo,65232,f1442_28.png
9/18/89,Port Edwards,Wi,54469,f1443_09.png
9/22/89,Alexandria,Mn.,56308,f1444_03.png
9/24/89,LONG PRAIRIE,MN,52347,f1445_31.png
09-21-1989,ZUMBROTA,MN,55992,f1446_25.png
9-21-89,DUlUTh,MN.,55804,f1447_28.png
9-21-1989,MILWAUKEE,WI,53218,f1448_42.png
09/22/89,Apple Valley,MN,55124,f1449_22.png
09-21-89,Sioux City,Iowa,51103,f1450_34.png
9/22/89,Sac City,Ia,50583,f1452_02.png
9/22/89,St. Paul,MN,55109,f1453_47.png
9-21-89,Glidden,Iowa,51443,f1455_14.png
9/21/89,Berkeley,MO.,63134,f1456_41.png
9-21-89,Reeds SPRING,Mo.,65737,f1458_19.png
9-05-89,GREShAm,OR,97080,f1459_30.png
09/11/89,CHANTILLY,VA,22021,f1461_46.png
8/23/89,Garner,N.C.,27529,f1462_01.png
9-7-89,marion,nc,28752,f1463_23.png
9-9-89,SANFORD,NC.,27330,f1464_23.png
08-27-89,Bowling Green,Ky,42101,f1465_32.png
9/16/89,Memphis,Tn,38128,f1467_22.png
9/18/89,Memphis,Tenn.,38127,f1468_04.png
9/16/89,Dallas,TX,75229,f1469_25.png
09/16/89,Ft Smith,AR,72903,f1470_34.png
09-16-89,AUSTIN,TX,78731-2246,f1471_42.png
09/18/89,San Benito,TX,78586,f1472_37.png
9-18-89,San Antonio,Tx,78232,f1473_30.png
4/16/89,ALBUQUERQUE,NM,87112,f1476_39.png
"Sep 16,1989",Clovis,N.M.,88101,f1477_37.png
9-16-89,PAMPA,TEXAS,79065,f1478_41.png
09/16/89,EL PASO,TEXAS,79912,f1479_40.png
"Sept. 18,1989",NApoleoNville,LA.,70390,f1480_24.png
09/16/89,ALBA,Tx,75410,f1481_35.png
09-16-89,LEAD HILL,AR,72644,f1482_39.png
09/16/89,SANTA FE,TX,77510,f1485_22.png
9-17-89,Houma,LA,70364,f1486_35.png
09.18.89,Baton Rouge,LA,70817,f1487_45.png
9-16-89,Houma,LA,70363,f1489_03.png
09/16/89,New Orleans,La.,70127,f1490_31.png
09/16/89,New Orleans,La,70127,f1491_42.png
09-17-89,METAIRIE,LA,70003,f1492_06.png
09-15-89,FORT WORTH,TEXAS,76111,f1493_36.png
09-15-89,FORT WORTH,TX,76155,f1494_41.png
09/17/89,Ville Platte,Louisiana,70586,f1498_08.png
9-15-89,Arlington,Tx,76013,f1499_12.png
9/16/89,FT.WORTH,TX.,76109,f1501_00.png
9-17-89,Ft. Worth,Tx,76118,f1502_33.png
9/16/89,DALLAS,TX,75217,f1503_02.png
17 Sept 89,Houston,TX,77089,f1504_10.png
09/15/89,TEMPLE,TX.,76501,f1508_14.png
09-16-87,Pickens,MS,39146,f1509_45.png
9/15/89,DALLAS,TX,75238,f1510_28.png
9-16-89,DALLAS,TX,75216,f1511_41.png
09-20-89,Arlington,TX,76013,f1514_35.png
09/18/89,HOUSTON,TX,77036,f1515_36.png
9-16-89,Austin,TX,78757,f1516_46.png
9/18/89,CEDARHILL,TX,75104,f1517_35.png
9/21/89,KOUNTZE,Tex,77625,f1518_07.png
9/11/89,Aztec,N.M,87410,f1519_36.png
9-19-89,Aberdeen,MS.,39730,f1521_17.png
"SEPT 14, 1989",ROANOKE,Tx,76262,f1523_03.png
9/18/89,METAIRIE,LA.,70005,f1525_00.png
09/19/89,San Antonio,Tx,78232,f1527_46.png
9/19/89,Houston,Texas,77029,f1528_18.png
9.18.89,ALBUQUERQUE,NM,87106,f1532_16.png
"20 Sept, 1989",Santa Fe,NM,87505,f1533_23.png
09-18-89,COLLEGE STATION,TX,77840,f1534_32.png
9/17/89,Columbia,Mississippi,39429,f1535_20.png
9-18-89,Springdale,AR,72764,f1537_32.png
9-17-89,Raceland,La.,70394,f1540_20.png
9/17/89,Boyd,TX,76023,f1541_40.png
9-22-89,DALLAS,TX.,75234,f1542_30.png
09/16/89,Greenville,MS,38701,f1544_46.png
9-19-89,Magee,MS,39111,f1545_40.png
09-17-89,Tupelo,Ms,38801,f1547_06.png
9-18-89,TEXARKANA,AR,75502,f1548_21.png
9-18-89,HICKORY CREEK,TX,76205,f1550_34.png
9/18/89,DALLAS,TEXAS,75217,f1552_32.png
9-17-89,Shelbyville,TX,75973,f1554_25.png
9-18-89,BELEN,NM,89002,f1556_19.png
9-15-89,DUNCANVILLE,TX,75116,f1557_00.png
9-18-89,Liberty,Miss.,39645,f1558_21.png
9-15-89,Palo Pinto,Tx,76072,f1559_25.png
9-18-89,LAS CRUCES,N.M.,88004,f1560_15.png
9-16-89,Groves,TX,77619,f1561_30.png
09-18-89,New Orleans,LA.,70129,f1562_13.png
09-16-89,CABOT,AR,72023,f1564_43.png
09/16/89,Georgetown,Tx,78628,f1566_38.png
9/16/89,MesQUITE,TX,75150,f1569_23.png
09-20-89,Houston,TX,77092,f1572_14.png
08-18-89,Houston,Tx,77084,f1573_06.png
09/16/89,ALAMOGORDO,NM,88330,f1574_26.png
9-17-89,SAN ANGELO,TX.,76901,f1576_04.png
9-16-89,Corpus Christi,Texas,78418,f1578_22.png
9/17/89,CORPUS CHRISTI,TX,78411,f1579_11.png
09-16-89,OZArK,AR,72949,f1580_14.png
09/17/89,FRIENDS WOOD,TX.,77546,f1582_49.png
09-18-89,STuttgART,AR,72160,f1584_28.png
9/16/89,Paragould,Arkansas,72450,f1585_06.png
09/18/89,Rio Grande City,Tx.,78582,f1586_22.png
09-16-88,Metairie,La,70003,f1588_11.png
09/17/89,BROWNSVIllE,TX,78520,f1590_15.png
9/18/89,Houston,TX.,77089,f1591_47.png
9-19-89,Lubbock,TX,79403,f1592_44.png
07-16-89,Midlothian,TX.,76065,f1593_46.png
09/19/89,Arlington,Tx,76014,f1600_43.png
09/16/89,San Antonio,TX,78233,f1601_01.png
09-18-89,Shreveport,LA,71107,f1603_40.png
9-16-89,HAZLEHURST,MS,39083,f1605_44.png
09/15/89,CEDAR Hill,TX,75104,f1606_19.png
9-16-89,Rogers,AR,72756,f1607_17.png
9-16-89,ELPASO,Tx,79925,f1612_47.png
09-16-89,JONESBORO,AR,72401,f1613_27.png
09-16-89,CHiNA Spring,Tx,76633,f1614_22.png
9-17-89,Blue Mountain,ms,38610,f1616_04.png
09-16-89,Hattiesburg,MS,39402,f1617_41.png
"SEPT. 17, 1989",SUMMIT,MISS,39666,f1618_39.png
09/15/89,Grapevine,TX,76057,f1619_37.png
09-16-89,ANDOVER,KS,67002-9632,f1622_16.png
9/16/89,Midwest City,OK,73130,f1624_03.png
9-16-89,ClAyPOOl,Arizona,85532,f1625_05.png
09-16-89,Winslow,Arizona,86047,f1626_27.png
9-18-88,Tucson,Arizona,85718,f1627_25.png
9/15/89,ARVADA,CO,80003,f1628_45.png
09/15/89,Colorado Springs,CO,80918,f1630_21.png
9-16-89,SALT LAKE CITY,Ut.,84117,f1632_39.png
9-18-89,South Jordan,UT.,84065,f1633_35.png
09/16/89,Lone Wolf,OKLA,73655,f1635_40.png
9-16-89,Billings,Montana,59102,f1636_00.png
9-16-89,Mayville,ND,58257,f1637_03.png
09/16/89,Littleton,Co.,80122,f1638_14.png
09/15/89,Lakewood,Colo,80226,f1640_48.png
9-16-89,Osmond,Nebr,68765,f1642_04.png
09/16/89,Kingman,AZ,86401,f1644_01.png
9-17-89,Bozeman,MT,59715,f1645_35.png
9/18/1989,Hotchkiss,CO,81419,f1646_33.png
9/16/89,CHEYENNE,WY,82009,f1649_03.png
9-20-89,"Phoenix,",Az,85028,f1652_11.png
09/21/89,Billings,MT,59106,f1653_02.png
9-21-89,Omaha,Ne.,68132,f1654_46.png
9/21/89,PRAiRie Village,Ks,66208,f1655_34.png
9/18/89,Wichita,KS,67209,f1656_24.png
09-19-89,Geneva,NE,68361,f1657_06.png
"Sept 19,1989",Bountiful,Utah,84010,f1661_05.png
9/15/89,AURORA,COLO,80012,f1662_01.png
9-18-89,Magnolia,AR.,71753,f1664_04.png
09-20-89,AURORA,CO,80011,f1665_00.png
9-21-89,"Deadwood,",SD,57732,f1669_41.png
9-15-89,Broomfield,Co,80021,f1670_20.png
9-18-89,ENgLEWOOD,COLORADO,80110,f1671_40.png
"Sept.16,1989",Grand Junction,CO,81506,f1672_35.png
"Sept. 16,1989",Salt Lake,Utah,84117,f1673_32.png
9-16-89,NewcAstle,Wy.,82701,f1674_35.png
09/16/89,GIAND Junction,Co,81506,f1675_40.png
09 16 89,SALT LAKE CITY,UTAH,84116,f1676_30.png
9-16-89,Broken Arrow,OK,74012,f1677_01.png
9-16-89,TULSA,OK,74105,f1679_05.png
09-17-89,PHOENIX,AZ,85037,f1681_44.png
09-16-89,PHOENIX,AZ,85035,f1682_10.png
09-17-89,Yuma,AZ,85364,f1684_08.png
09/18/89,Mesa,AZ,85208,f1685_23.png
09-16-89,Mesa,AZ,85208,f1686_01.png
09.15.89,PHOENIX,AZ,85051,f1687_40.png
09/16/89,Phoenix,AZ,85008,f1688_24.png
"Sept. 18,1989",Lake Havasu City,Az.,86403,f1689_07.png
9/16/89,WEST VALLEY,UT,84120,f1690_24.png
9-16-89,AtticA,KS,67009,f1691_07.png
9-16-89,LINCOLN,NE,68510,f1693_00.png
9-17-89,Colone,South Dakota,57528,f1694_17.png
9/16/89,SALINA,Ks,67401,f1696_08.png
09/17/89,Beggs,OK.,74421,f1697_45.png
9-16-89,Greybull,Wy,82426,f1699_42.png
9/18/89,Cody,Wy,82414,f1702_13.png
9-18-89,Casper,WY,82609,f1703_29.png
9-18-89,Colorado Springs,Co,80909,f1704_29.png
09-16-89,Phoenix,AZ.,85032,f1706_39.png
9/18/89,White Lake,S D.,57383,f1707_05.png
"SEPT. 10,89",KALISPELL,MT,59901,f1709_03.png
9-14-89,BILLINGS,MT,59101,f1710_15.png
9-16-89,SiDney,MT,59270,f1711_35.png
9-18-89,Hartford,S.D.,57033,f1712_10.png
"Sept 15, 1989",Lakewood,CO,80226,f1714_49.png
9-18-89,ABERDEEN,SD,57401,f1715_20.png
9/16/89,Nashua,Mt,59248,f1717_16.png
9-16-89,ALBERTON,MT,59820,f1718_29.png
09/16/89,MISSOULA,MT,59801,f1719_12.png
9-18-89,Great Falls,MT,59405,f1720_48.png
9-16-89,JAY,OK,74346,f1721_26.png
9-17-89,Duncan,OKLa.,73533,f1722_43.png
9-17-89,LONEWOLF,OK.,73655,f1723_34.png
09-18-1989,PHOENIX,AZ.,85017,f1725_33.png
Sept 16.1989,Wolf Point,MT,59201,f1726_01.png
9-16-89,Butte,MoNtaNa,59701,f1727_36.png
9/18/89,Orem,UT,84057,f1728_02.png
9-18-89,Grafton,ND,58237,f1729_47.png
9-17-89,Tucson,Arizona,85701,f1730_21.png
9/18/89,Glendale,az,85302,f1731_34.png
09/16/89,Glendale,AZ,85312,f1732_28.png
09-18-89,Harrah,OK,73045,f1733_23.png
9/17/89,Mesa,Az,85208,f1734_48.png
9/18/89,YUMA,AZ,85364,f1735_22.png
09/16/89,PERKINS,OKLAHOMA,74059,f1737_09.png
Sept 191989,Central City,Ne.,68826,f1738_42.png
"Sept. 17, 1989",minatare,ne.,69356,f1739_23.png
09/18/89,Sandy,Utah,84093,f1740_04.png
9/19/89,Oakley,Kansas,67748,f1742_04.png
9-18-89,Pekin,N.Dak.,58361,f1743_33.png
9-21-89,"New Salem,",N. D.,58563,f1747_44.png
9-16-89,Bartlesville,OK,74006,f1748_30.png
9/20/89,Wichita,KS,67212,f1750_06.png
09/20/89,TABOR,SD,57063,f1753_34.png
9/16/89,Bozeman,Montana,59715,f1754_35.png
9/18/89,Bryant,S.D,57221,f1755_46.png
9-18-89,Watertown,SD,57201,f1756_07.png
09/17/89,Phoenix,Az.,85014,f1757_24.png
09/16/89,Wichita,KS,67226,f1758_36.png
09/16/89,Lexington,Ne,68850,f1760_27.png
9-18-89,Havre,MT,59501,f1763_25.png
09-17-89,Kalispell,MT.,59901,f1765_33.png
9-17-1989,Omaha,Ne,68105,f1766_41.png
9-16-89,Broken Arrow,OK,74012,f1768_48.png
9-20-89,TULSA,OKLAHOMA,74112,f1771_46.png
SEP. 17.89,AURORA,CO,80013,f1772_12.png
"Sept. 16, 1989",Colorado Springs,CO,80917,f1773_18.png
9-15-89,NORMAN,OKLAHOMA,73072,f1774_40.png
9-22-89,wyoming,mn.,55092,f1775_42.png
9-23-89,New Berlin,WI,53151,f1777_29.png
09/22/89,Delavan,Wi,53115,f1778_11.png
9/21/89,Milwaukee,WI,53207,f1779_01.png
09/16/89,N. LITTLE ROCK,AR,72118,f1781_48.png
9-18-89,Rapid City,SD,57702,f1784_17.png
9/27/89,Colbert,OK,74733,f1785_07.png
9/19/89,Prescott Valley,Az,86314,f1787_36.png
9-16-89,CHANDLER,ARIZONA,85224,f1788_32.png
9/21/89,Glendale,AZ,85310,f1789_37.png
9/22/89,Tahlequah,OK,74464,f1790_11.png
9-21-89,COLLINSVILLE,ILL,62234,f1792_12.png
09-22-89,Winter,WI,54896,f1795_30.png
09/21/89,Wi. Rapids,Wi.,54494,f1796_21.png
09-21-89,Maxwell,IOWA,50161,f1798_42.png
9-21-89,madison,wisconsin,53705,f1800_08.png
09/21/89,IOWA City,IA,52240,f1801_01.png
"Sept. 23,1989",Brookfield,Wi.,53005,f1803_09.png
9-18-89,Council Bluffs,IA,51501,f1806_29.png
9-18-89,Kent,MN,56553,f1807_08.png
9-15-89,HAmILTON,TX,76531,f1808_13.png
09-19-89,Huntsville,tx,77340,f1809_16.png
09/16/89,Richmond,TX,77469,f1810_02.png
9-15-89,"Corpus Christi,",Tx.,78374,f1813_25.png
09-16-89,SAN ANTONIO,TX,78201,f1817_18.png
9/16/89,Jackson,MS,39206,f1819_37.png
9-16-89,MT. Olive,Ms,39119,f1820_17.png
9/16/89,"ROWLETT,",TX,75088,f1821_24.png
9-16-89,Richland,ms,39218,f1822_45.png
9/17/89,NEW ORLEANS,LA,70126,f1825_06.png
9/17/89,HATTIESBURG,MISSIPPI,39402,f1826_01.png
9-18-89,DALLAS,TX,75244,f1829_17.png
9-16-89,RIO RANCHO,N.M.,87124,f1830_16.png
09-16-89,AMARIllo,TX,79109,f1832_47.png
09/16/89,TRUMANN,AR,72472,f1833_03.png
09-17-89,BROWnsville,TX.,78521,f1834_16.png
09-08-89,HOUSTON,TX,77017,f1835_27.png
18 Sept. 89,Kaycee,Wyo,82639,f1836_34.png
09/22/89,Olathe,KS,66062,f1840_35.png
09-16-89,PHOENIX,AZ,85023,f1841_05.png
"Sept. 9, 1989",West Jordan,Utah,84088,f1842_34.png
09/16/89,Denver,C.O,80205,f1843_09.png
9/16/89,Green River,WY,82935,f1844_38.png
9/18/89,Minot,ND,58701,f1846_45.png
09-16-89,Broadwater,Nebraska,69125,f1848_43.png
09/19/89,Trenton,ND,58853,f1849_46.png
9-17-89,Phx,AZ,85028,f1850_16.png
9-18-89,DICKINSON,ND,58601,f1851_06.png
09/19/89,MESA,AZ,85210,f1853_42.png
9-19-89,Mesa,AZ,85202,f1854_17.png
"Sept. 18,1989",Cheyenne,WY.,82007,f1855_37.png
9-18-89,Phoenix,Arizona,85014,f1856_37.png
9-18-89,Cordell,Oklahoma,73632,f1857_48.png
"Sept.17,89",Gillette,Wy,82716,f1858_21.png
9/17/89,Montrose,CO,81401,f1859_39.png
09-19-89,PoNca City,OK.,74601,f1860_06.png
09-16-89,Midwest City,OK,73130,f1861_26.png
9-17-89,Grant,Nebraska,69140,f1864_10.png
17 SEPT. 89,PHOENIX,AZ,85015,f1865_30.png
09-17-89,PUEBLO,CO,81006,f1866_14.png
9/08/89,AUBURN,N.Y.,13021,f1867_44.png
09-22-89,Malcom,Iowa,50157,f1869_07.png
9-22-89,Runnells,Iowa,50237,f1870_30.png
09/22/89,Forsyth,MO,65653,f1872_07.png
9/21/89,JOPLIN,MO,64804,f1874_36.png
09-21-89,Thayer,Missouri,65791,f1875_21.png
9/25/89,BLAINE,MN,55434,f1876_22.png
9.21.89,Milwaukee,WI.,53221,f1878_33.png
9/21/89,Richland Center,Wi,53581,f1880_06.png
09-21-89,ST PAUL,MN,55108,f1881_37.png
09-21-89,WEST BEND,WI,53095,f1883_03.png
9/21/89,EdiNa,MN,55424,f1888_11.png
9-21-89,St. Louis Park,Mn.,55416,f1889_05.png
09-21-89,Clearwater,Mn,55320,f1890_28.png
9-21-89,SPRINGFIELD,MO.,65807,f1892_07.png
"Sept. 21,1989",Apple Valley,MN,55124,f1893_26.png
9/21/89,Apple Valley,Mn.,55124,f1894_39.png
9-21-89,Sonora,Texas,76950,f1900_12.png
9-16-89,Hot Springs,AR,71901,f1903_48.png
9-20-89,Leakesville,Ms,39451,f1905_23.png
9/16/89,Albuquerque,NM,87111,f1906_16.png
09/19/89,WINNIE,TX,77665,f1907_22.png
09.27.89,VANCLEAVE,MS,39564,f1908_49.png
09/17/89,WaggAmAN,LA,70094,f1909_43.png
9-21-89,Walhalla,n.D.,58282,f1911_44.png
9/18/89,PRESCOTT,AZ,86302,f1915_00.png
09/16/89,MaNdaN,N.D.,58554,f1917_19.png
9-20-89,ARVADA,Co,80003,f1918_04.png
"SEPT. 21,1989",LAWRENCE,KS,66049,f1919_17.png
9-14-89,Independence,KS,67301,f1921_33.png
9/23/89,Sturgis,SD,57785,f1922_38.png
8/24/89,Mashpee,MA.,02649,f1923_42.png
8/23/89,Wethersfield,Ct.,06109,f1924_29.png
8/23/89,Gorham,ME,04038,f1925_00.png
08 24 89,CORNING,NY,14830,f1928_20.png
8.22.89,WEST WINFIELD,N. Y.,13491,f1929_04.png
8-23-89,Crystal Lake,IL,60014,f1937_04.png
08/12/89,Boise,Idaho,83712,f1938_21.png
08-26-89,HAMPTON,VA,23666,f1941_44.png
9-29-89,CORFU,NY,14036,f1943_00.png
09/27/89,WORTHINGTON,OHIO,43235,f1944_40.png
9-25-89,Manchester,Mo,63021,f1945_00.png
"Sept. 21,1989",Algona,Iowa,50511,f1946_25.png
09-22-89,Monroe,WI,53566,f1947_49.png
9-22-89,Gideon,mo,63848,f1948_41.png
09-25-89,St. Louis,Mo,63129,f1949_20.png
9-22-89,Crookston,mn,56716,f1951_19.png
9/22/89,EDEN PRAIRIE,MN,55347,f1952_17.png
09/21/89,Altoona,Ia,50009,f1953_17.png
9-26-89,RHINELANDER,WinscoNsiN,54501,f1954_31.png
09-26-89,Green Bay,Wi,54311,f1956_19.png
"Sept. 21,1989",Fond du Lac,WI,54935,f1957_41.png
09-25-89,ARBYle,MN,56713,f1959_39.png
9-26-89,Allison,IOWA,50602,f1960_26.png
9/26/1989,Advance,mo,63730,f1961_34.png
"Sept. 24,1989",Knoxville,Iowa,50138,f1962_12.png
01/08/89,Columbia,Mo,65202,f1965_23.png
9/22/89,Trempealeau,WI,54661,f1967_21.png
09-24-89,LIME SPRINGS,IOWA,52155,f1968_09.png
09-21-89,KANSAS CITY,MISSOURI,64116,f1969_24.png
9/23/89,APPLE VALLEY,MN,55124,f1970_32.png
9/27/89,Austin,MN,55912,f1971_12.png
09-26-89,Minnetonka,Mn,55343,f1972_15.png
09/24/89,Cassville,Missouri,65625,f1973_24.png
9/25/89,Louisiana,MO,63353,f1975_00.png
9/23/89,Willmar,MN.,56201,f1977_23.png
9/12/89,Two Rivers,Wi,54241,f1979_36.png
9-17-89,Memphis,TN,38125,f1980_17.png
SEPT. 22-89,MOORE,TEXAS,78057,f1981_44.png
09-28-89,BEAUMONT,TX,77706,f1982_16.png
9/22/89,TAOS,NM,87571,f1983_00.png
09/22/89,CLOVIS,NM,88101,f1984_28.png
"Sept. 23,89",CeNTeRVILLe,TX,75833,f1986_20.png
9-26-89,ELPASO,Texas,79904,f1987_47.png
09-25-89,SPRING,TX,77388,f1988_11.png
09-23-89,HOUSTON,TEXAS,77009,f1989_45.png
09-22-89,Dumas,AR.,71639,f1990_33.png
9/27/89,FORT WORTH,TX,76116,f1991_47.png
09/16/89,BROWNWOOD,Tx,76801,f1992_08.png
9-24-89,Laredo,Texas,78044,f1994_21.png
9-25-89,Saucier,MS,39574,f1995_29.png
9/16/89,LONG BEACh,MS,39560,f1996_12.png
9-18-89,"SPRINGFIELD,",LA,70462,f1998_10.png
09/16/89,Shreveport,LouisIANA,21107,f2000_40.png
9-23-89,Bulverde,Texas,78163,f2001_42.png
9-18-89,TUCSON,AZ.,85716,f2004_29.png
9-22-89,Joliet,mt.,59041,f2005_01.png
09/22/89,Naturita,Co.,81422,f2008_26.png
"September 23,1989",Lawrence,KS,66044,f2010_38.png
09-20-89,Denver,CO,80221,f2011_41.png
9-25-89,EFFINGHAM,Ks.,66023,f2012_46.png
9-18-89,BIRD CITY,KS,67745,f2013_19.png
9/23/89,SIOUX FALLS,SD,57103,f2015_08.png
9-25-89,Bottineau,ND,58318,f2016_39.png
9-25-89,COLORADO SPRINGS,Co,80907,f2019_34.png
09-27-89,FARGO,ND,58103,f2020_16.png
09-25-89,PRAIRIE VILLAGE,KS,66208,f2023_12.png
9-25-89,CLAREMORE,OK,74017,f2024_20.png
9/16/89,Onida,SD,57564,f2025_00.png
9-18-89,Grand Island,NE,68801,f2026_32.png
9-16-89,Douglas,AZ,85608,f2029_03.png
09/16/89,Westminster,Co,80020,f2031_31.png
9-25-89,Grand forks,N.D.,58256,f2032_22.png
9/21/89,St. Paul,Minnesota,55106,f2034_14.png
09-25-89,Cannon Talls,Mn,55009,f2035_49.png
9-24-89,SCANDIA,MN.,55073,f2036_29.png
09/25/89,BEmIDJI,MN,56601,f2037_06.png
09-16-89,Houston,TX,77070,f2038_08.png
9-20-89,PEARL RIVER,LA,70452,f2039_13.png
"Sept 16, 1989",Denver,CO.,80237,f2040_47.png
9-22-89,Gettysburg,SD,57442,f2043_25.png
10-2-89,Apple Valley,mn.,55124,f2045_15.png
09/27/89,Granton,WI,54436,f2046_26.png
9/24/89,Troy,Mo,63379,f2047_48.png
9-25-89,NEENAH,WI,54956,f2048_19.png
9-21-89,Minneapolis,Minnesota,55406,f2050_45.png
9-23-89,Roseau,mn,56751,f2051_15.png
"Sept. 23, 1989",Coon Rapids,Minn,55433,f2054_13.png
10-03-89,SEAGRAVES,Tx,79359,f2055_31.png
09/28/89,SAN ANTONIO,TEXAS,78227,f2056_40.png
09-26-89,Tupelo,MS,38801,f2057_23.png
15 SEP1989,LITTLE ROCK,AR,72215,f2058_01.png
9/18/89,Jackson,MS,39212,f2059_42.png
9-16-89,MERIdIAN,Ms.,39385,f2064_33.png
09-30-89,Pasadena,TX,77502,f2066_29.png
9/26/89,Broken Baw,OK,74728,f2067_38.png
9/28/89,Orem,Utah,84057,f2068_36.png
10-3-89,HYAttSVILLE,MD,20784,f2070_11.png
10/2/89,Austin,Mn.,55912,f2071_28.png
September 26,Knapp,Wisconsin,54749,f2072_32.png
9/25/89,Dubuque,IA,52001,f2074_03.png
9/16/89,ROLAND,AR,72135,f2076_31.png
09/28/89,SouthAven,MS,38671,f2078_03.png
10-01-89,Longmont,Colorado,80501,f2079_27.png
9-27-89,OVERLAND PARK,KS,66204,f2082_26.png
10-02-89,EKALAKA,MT.,59324,f2083_33.png
10-4-89,Malera Rodos,Pa,15136,f2084_07.png
9-30-89,WATERLOO,Iowa,50702,f2088_14.png
10/04/89,So St. Paul,MN,55075,f2089_25.png
10/05/89,FT.WORTH,TX,76148,f2090_00.png
9-30-89,Pine BluFF,AR,71603,f2091_28.png
10-4-89,SPRING,TX,77380,f2093_26.png
10/02/89,FlAgstaff,AZ,86001,f2094_44.png
10/8/89,LITTLETON,Co,80122,f2095_37.png
9-29-89,FARGO,N.D.,58102,f2096_00.png
